{"rdMolDescriptors.CalcTPSA": 0.03816208323279135, "qed": 0.03682326151549105, "rdMolDescriptors.CalcFractionCSP3": 0.03681183410993151, "rdMolDescriptors.CalcRadiusOfGyration": 0.03203292849124699, "rdMolDescriptors.CalcChi4v": 0.03174462938504494, "rdMolDescriptors.CalcPBF": 0.031545832286593495, "rdMolDescriptors.CalcPMI2": 0.0313630614233683, "rdMolDescriptors.CalcPMI3": 0.030886641411246786, "rdMolDescriptors.CalcSpherocityIndex": 0.030413298039458345, "rdMolDescriptors.CalcKappa3": 0.030399158577506736, "rdMolDescriptors.CalcChi3v": 0.030316179549476026, "rdMolDescriptors.CalcNPR2": 0.030307259913955446, "rdMolDescriptors.CalcHallKierAlpha": 0.029801702619808017, "rdMolDescriptors.CalcChi2v": 0.029761759485812455, "rdMolDescriptors.CalcPhi": 0.029190189332658364, "rdMolDescriptors.CalcKappa2": 0.029060997099654085, "rdMolDescriptors.CalcLabuteASA": 0.029047830216466567, "rdMolDescriptors.CalcKappa1": 0.028164104814388514, "rdMolDescriptors.CalcExactMolWt": 0.027815315815417126, "rdMolDescriptors.CalcEccentricity": 0.027800041233087668, "rdMolDescriptors.CalcNPR1": 0.027555987865138486, "rdMolDescriptors.CalcChi1v": 0.027405369223710334, "rdMolDescriptors.CalcChi0v": 0.02724154558376692, "rdMolDescriptors.CalcInertialShapeFactor": 0.027057233637622434, "rdMolDescriptors.CalcAsphericity": 0.027000509855758477, "rdMolDescriptors.CalcPMI1": 0.02697747071363936, "rdMolDescriptors.CalcNumHeteroatoms": 0.018511637303954803, "rdMolDescriptors.CalcNumLipinskiHBD": 0.016631942081067677, "rdMolDescriptors.CalcNumRotatableBonds": 0.0165180803920269, "rdMolDescriptors.CalcNumLipinskiHBA": 0.016146832036357615, "rdMolDescriptors.CalcNumHBD": 0.015969765826172697, "rdMolDescriptors.CalcNumHBA": 0.015638628753307786, "rdMolDescriptors.CalcNumAromaticCarbocycles": 0.011604909704571993, "rdMolDescriptors.CalcNumUnspecifiedAtomStereoCenters": 0.010578853089125921, "rdMolDescriptors.CalcNumAromaticRings": 0.010446628316871863, "rdMolDescriptors.CalcNumAtomStereoCenters": 0.010278322745506406, "rdMolDescriptors.CalcNumAmideBonds": 0.009886884600881043, "rdMolDescriptors.CalcNumHeterocycles": 0.009577626358170105, "rdMolDescriptors.CalcNumAromaticHeterocycles": 0.009451356456461665, "rdMolDescriptors.CalcNumRings": 0.009419693510122949, "rdMolDescriptors.CalcNumAliphaticRings": 0.007014147398603312, "rdMolDescriptors.CalcNumSaturatedRings": 0.006081572223798158, "rdMolDescriptors.CalcNumAliphaticHeterocycles": 0.005774825148550081, "rdMolDescriptors.CalcNumSaturatedHeterocycles": 0.004676082574753784, "rdMolDescriptors.CalcNumAliphaticCarbocycles": 0.003640870350371572, "rdmolops.GetFormalCharge": 0.002973864265387662, "rdMolDescriptors.CalcNumSaturatedCarbocycles": 0.002614287558744668, "rdMolDescriptors.CalcNumBridgeheadAtoms": 0.0011268737711443062, "rdMolDescriptors.CalcNumSpiroAtoms": 0.0007500901010072868}