{"rdMolDescriptors.CalcTPSA": 0.023437500000000045, "rdMolDescriptors.CalcNumHeteroatoms": 0.015625000000000045, "rdMolDescriptors.CalcNumHBD": 0.014062500000000033, "rdMolDescriptors.CalcNumAtomStereoCenters": 0.010937500000000044, "rdMolDescriptors.CalcNumLipinskiHBA": 0.00677083333333337, "rdMolDescriptors.CalcNumHBA": 0.00677083333333336, "rdMolDescriptors.CalcNumAmideBonds": 0.00520833333333337, "rdMolDescriptors.CalcNumAliphaticRings": 0.004166666666666696, "qed": 0.0036458333333333703, "rdMolDescriptors.CalcNumAliphaticHeterocycles": 0.0031250000000000223, "rdMolDescriptors.CalcNumAliphaticCarbocycles": 0.002604166666666685, "rdMolDescriptors.CalcPhi": 0.002604166666666685, "rdMolDescriptors.CalcKappa1": 0.002083333333333348, "rdMolDescriptors.CalcNumSaturatedCarbocycles": 0.0015625000000000111, "rdMolDescriptors.CalcKappa2": 0.0015625000000000111, "rdMolDescriptors.CalcNumAromaticRings": 0.0010416666666666964, "rdMolDescriptors.CalcNumAromaticCarbocycles": 0.0005208333333333592, "rdMolDescriptors.CalcPBF": 1.1102230246251566e-17, "rdMolDescriptors.CalcNumUnspecifiedAtomStereoCenters": 0.0, "rdMolDescriptors.CalcNumSpiroAtoms": 0.0, "rdmolops.GetFormalCharge": 0.0, "rdMolDescriptors.CalcNumBridgeheadAtoms": 0.0, "rdMolDescriptors.CalcNumAromaticHeterocycles": -0.0005208333333333148, "rdMolDescriptors.CalcHallKierAlpha": -0.0010416666666666408, "rdMolDescriptors.CalcInertialShapeFactor": -0.0015624999999999667, "rdMolDescriptors.CalcNumSaturatedHeterocycles": -0.0015624999999999667, "rdMolDescriptors.CalcLabuteASA": -0.0015624999999999778, "rdMolDescriptors.CalcNumLipinskiHBD": -0.0020833333333332925, "rdMolDescriptors.CalcNPR2": -0.0031249999999999555, "rdMolDescriptors.CalcChi4v": -0.0031249999999999555, "rdMolDescriptors.CalcSpherocityIndex": -0.0031249999999999555, "rdMolDescriptors.CalcNumHeterocycles": -0.0031249999999999555, "rdMolDescriptors.CalcChi3v": -0.0031249999999999555, "rdMolDescriptors.CalcFractionCSP3": -0.004166666666666608, "rdMolDescriptors.CalcNumSaturatedRings": -0.004166666666666608, "rdMolDescriptors.CalcAsphericity": -0.004166666666666608, "rdMolDescriptors.CalcPMI1": -0.004166666666666608, "rdMolDescriptors.CalcNumRotatableBonds": -0.004166666666666608, "rdMolDescriptors.CalcPMI3": -0.004687499999999933, "rdMolDescriptors.CalcChi2v": -0.004687499999999944, "rdMolDescriptors.CalcRadiusOfGyration": -0.005208333333333259, "rdMolDescriptors.CalcEccentricity": -0.005208333333333259, "rdMolDescriptors.CalcPMI2": -0.005208333333333259, "rdMolDescriptors.CalcNPR1": -0.005208333333333259, "rdMolDescriptors.CalcKappa3": -0.005208333333333259, "rdMolDescriptors.CalcNumRings": -0.005208333333333282, "rdMolDescriptors.CalcChi0v": -0.005729166666666607, "rdMolDescriptors.CalcExactMolWt": -0.0057291666666666186, "rdMolDescriptors.CalcChi1v": -0.00677083333333327}