{"rdMolDescriptors.CalcPhi": 0.0013477088948787852, "rdMolDescriptors.CalcNumRotatableBonds": 0.0010781671159030282, "rdMolDescriptors.CalcKappa2": 0.0010781671159030282, "rdMolDescriptors.CalcNumLipinskiHBA": 0.0010781671159030282, "rdMolDescriptors.CalcNumHeteroatoms": 0.0010781671159030282, "rdMolDescriptors.CalcTPSA": 0.0009433962264151496, "rdMolDescriptors.CalcNumRings": 0.0008086253369272711, "rdMolDescriptors.CalcFractionCSP3": 0.0008086253369272711, "rdMolDescriptors.CalcKappa3": 0.0006738544474393926, "rdMolDescriptors.CalcNumAromaticCarbocycles": 0.00040431266846363556, "rdMolDescriptors.CalcChi2v": 0.00026954177897576815, "rdMolDescriptors.CalcChi3v": 0.00026954177897576815, "rdMolDescriptors.CalcLabuteASA": 0.00026954177897575704, "rdMolDescriptors.CalcNumAromaticRings": 0.00013477088948790072, "rdMolDescriptors.CalcChi4v": 0.00013477088948790072, "rdMolDescriptors.CalcChi1v": 0.00013477088948788963, "rdMolDescriptors.CalcChi0v": 0.00013477088948787852, "rdMolDescriptors.CalcPMI3": 0.00013477088948787852, "rdMolDescriptors.CalcSpherocityIndex": 1.1102230246251566e-17, "rdMolDescriptors.CalcInertialShapeFactor": 0.0, "rdMolDescriptors.CalcAsphericity": 0.0, "rdMolDescriptors.CalcRadiusOfGyration": 0.0, "rdMolDescriptors.CalcPMI2": 0.0, "rdMolDescriptors.CalcPMI1": 0.0, "rdMolDescriptors.CalcNPR1": 0.0, "rdMolDescriptors.CalcNumSpiroAtoms": 0.0, "rdMolDescriptors.CalcNumSaturatedRings": 0.0, "rdMolDescriptors.CalcNumSaturatedHeterocycles": 0.0, "rdMolDescriptors.CalcNumSaturatedCarbocycles": 0.0, "rdMolDescriptors.CalcNumAmideBonds": 0.0, "rdMolDescriptors.CalcNumAtomStereoCenters": 0.0, "rdMolDescriptors.CalcHallKierAlpha": 0.0, "rdMolDescriptors.CalcNumBridgeheadAtoms": 0.0, "rdMolDescriptors.CalcNumHBA": 0.0, "rdMolDescriptors.CalcNPR2": 0.0, "qed": -0.0001347708894878452, "rdMolDescriptors.CalcKappa1": -0.0001347708894878674, "rdmolops.GetFormalCharge": -0.0001347708894878674, "rdMolDescriptors.CalcNumHBD": -0.0001347708894878674, "rdMolDescriptors.CalcNumUnspecifiedAtomStereoCenters": -0.0001347708894878674, "rdMolDescriptors.CalcPBF": -0.0001347708894878674, "rdMolDescriptors.CalcEccentricity": -0.0002695417789757348, "rdMolDescriptors.CalcNumAliphaticRings": -0.0002695417789757348, "rdMolDescriptors.CalcExactMolWt": -0.0004043126684636023, "rdMolDescriptors.CalcNumLipinskiHBD": -0.0004043126684636023, "rdMolDescriptors.CalcNumAromaticHeterocycles": -0.0004043126684636023, "rdMolDescriptors.CalcNumAliphaticCarbocycles": -0.0009433962264150719, "rdMolDescriptors.CalcNumAliphaticHeterocycles": -0.0013477088948786742, "rdMolDescriptors.CalcNumHeterocycles": -0.0014824797843665416}