{"MSE": 3.8625872135162354, "_runtime": 322, "_timestamp": 1625600379, "_step": 8641, "MAE": 2.585646488500197, "MAE/CA": 60.131313686051094}