{"MSE": 1.5233027935028076, "_runtime": 924, "_timestamp": 1625600981, "_step": 26067, "MAE": 0.7981557735176978, "MAE/CA": 18.561762174830182}