{"MSE": 0.01511574536561966, "_runtime": 2017, "_timestamp": 1625602074, "_step": 58293, "MAE": 0.266580643764762, "MAE/CA": 6.199549854994465}